,Topic,Words,Frequency,Timestamp
0,-1,"furchtenicht, widders, ojai, city, ruling",1,2007-12-26 21:15:50.400
1,16,"luscomb, box, jack, oklahoma, franchisee",1,2011-07-02 12:00:00.000
2,110,"coffee, starbucks, cellphone, acquisti, donahoe",1,2011-07-02 12:00:00.000
3,-1,"andresen, bitcoins, deflation, shah, bitcoin",4,2012-11-24 21:36:00.000
4,0,"bitcoins, bitcoin, rbi, authority, december",1,2012-11-24 21:36:00.000
5,4,"xchange, bitcoins, hong, puzzles, itecpro",2,2012-11-24 21:36:00.000
6,17,"wilson, dark, wallet, mr, ulbricht",1,2012-11-24 21:36:00.000
7,131,"nakamoto, bitcoins, winklevoss, spano, clark",2,2012-11-24 21:36:00.000
8,-1,"ver, kitts, gox, mt, st",17,2013-08-07 14:24:00.000
9,0,"katkin, fgcu, scholarship, atilus, casimir",3,2013-08-07 14:24:00.000
10,2,"transmitter, delegate, delegates, licenses, money",1,2013-08-07 14:24:00.000
11,17,"wilson, dark, wallet, blueprints, mr",1,2013-08-07 14:24:00.000
12,31,"donation, college, puget, gift, tacoma",1,2013-08-07 14:24:00.000
13,35,"lakota, mazacoin, oglala, nation, tribe",1,2013-08-07 14:24:00.000
14,60,"coinbase, armstrong, zeroes, expedia, wallets",1,2013-08-07 14:24:00.000
15,131,"nakamoto, satoshi, kleiman, p2p, daviescoates",1,2013-08-07 14:24:00.000
16,-1,"bansal, flipkart, goyal, india, myntra",54,2014-04-20 07:12:00.000
17,0,"k2, sultan, ranvier, citi, syracuse",4,2014-04-20 07:12:00.000
18,2,"banks, bank, credit, loans, h3",40,2014-04-20 07:12:00.000
19,4,"weese, china, bitcoins, block, bitcoin",1,2014-04-20 07:12:00.000
20,6,"music, artists, tennessean, nashville, labels",1,2014-04-20 07:12:00.000
21,13,"singapore, uob, wee, dbs, banks",2,2014-04-20 07:12:00.000
22,14,"ge, visa, financialservices, transportationfinance, wsj",1,2014-04-20 07:12:00.000
23,16,"adj, informal, food, dial, fatberg",1,2014-04-20 07:12:00.000
24,17,"paul, alexander, bill, candidate, party",1,2014-04-20 07:12:00.000
25,22,"jersey, shadab, new, coughlin, hearing",1,2014-04-20 07:12:00.000
26,24,"ripple, xrp, interledger, santander, larsen",1,2014-04-20 07:12:00.000
27,30,"marijuana, pot, cannabis, transmitters, fees",1,2014-04-20 07:12:00.000
28,44,"speedroute, overstock, t0, byrne, rttnewscom",2,2014-04-20 07:12:00.000
29,45,"dimon, jpmorgan, custody, heitsenrether, rumors",1,2014-04-20 07:12:00.000
30,60,"coinbase, halfordthompson, uk, westpac, ehrsam",3,2014-04-20 07:12:00.000
31,65,"counterparty, network, features, weinberg, settlement",5,2014-04-20 07:12:00.000
32,79,"women, h3, officer, masters, men",4,2014-04-20 07:12:00.000
33,124,"gray, rubix, microsoft, valiente, software",2,2014-04-20 07:12:00.000
34,139,"walmart, pay, repo, mcx, shipments",1,2014-04-20 07:12:00.000
35,143,"lawsky, regulators, cybersecurity, regulator, bitlicense",2,2014-04-20 07:12:00.000
36,154,"reilly, eversafe, gotsch, lab, socialalpha",1,2014-04-20 07:12:00.000
37,210,"curry, occ, neobanks, mulvaney, regulators",1,2014-04-20 07:12:00.000
38,213,"lawsky, bitlicense, york, nydfs, itbit",4,2014-04-20 07:12:00.000
39,-1,"banks, mr, technology, bitcoin, bank",141,2015-09-13 16:48:00.000
40,0,"dao, ethereum, computershare, bitcoin, snapcard",14,2015-09-13 16:48:00.000
41,2,"banks, h3, bank, banking, wells",127,2015-09-13 16:48:00.000
42,4,"circle, fof, china, fintech, renminbi",4,2015-09-13 16:48:00.000
43,8,"energy, australia, power, cuba, ireland",2,2015-09-13 16:48:00.000
44,10,"ltd, nestle, singtel, rs2016, maggi",1,2015-09-13 16:48:00.000
45,12,"koshy, ey, singularity, automation, exponential",1,2015-09-13 16:48:00.000
46,13,"jubilee, mesitis, singapore, uob, finlab",2,2015-09-13 16:48:00.000
47,14,"wsj, logistics, shipping, container, freight",3,2015-09-13 16:48:00.000
48,17,"law, licensing, burgess, resolution, uniform",6,2015-09-13 16:48:00.000
49,19,"blumenstein, zoldi, mclaughlin, cybersecurity, lt",2,2015-09-13 16:48:00.000
50,25,"schutte, harris, nauiokas, vcs, fintech",1,2015-09-13 16:48:00.000
51,30,"cannabis, marijuana, tokken, weiss, dispensaries",1,2015-09-13 16:48:00.000
52,31,"betterment, robo, sec, gemini, advisers",2,2015-09-13 16:48:00.000
53,37,"ransomware, cyber, attacks, ransom, security",2,2015-09-13 16:48:00.000
54,40,"morgans, brambles, cents, dividends, computershare",1,2015-09-13 16:48:00.000
55,41,"podell, startupbootcamp, pitch, alphapack, deck",2,2015-09-13 16:48:00.000
56,45,"jp, dimon, morgan, chase, jpmorgan",3,2015-09-13 16:48:00.000
57,46,"ratha, malta, worldremit, transfer, murphy",1,2015-09-13 16:48:00.000
58,51,"accenture, distributedledger, broadridge, practice, digital",1,2015-09-13 16:48:00.000
59,52,"jamienimmo63, bitcoins, ey, drugs, police",1,2015-09-13 16:48:00.000
60,54,"visa, mastercard, earnings, scharf, cents",2,2015-09-13 16:48:00.000
61,55,"voting, voters, mohen, voa, utah",2,2015-09-13 16:48:00.000
62,62,"asx, t2, bardwell, rayson, settlement",2,2015-09-13 16:48:00.000
63,71,"revolution, fourth, industrial, dollar, eurasia",2,2015-09-13 16:48:00.000
64,79,"women, h3, gender, banking, officer",10,2015-09-13 16:48:00.000
65,81,"blumenstein, bharara, folks, cfos, cyberthreat",1,2015-09-13 16:48:00.000
66,84,"buffett, sun, berkshire, icahn, lunch",1,2015-09-13 16:48:00.000
67,98,"trump, mercantilism, patches, globalization, capitalism",1,2015-09-13 16:48:00.000
68,107,"pro, wsj, transcript, says, bair",22,2015-09-13 16:48:00.000
69,108,"treatments, sharemarket, csl, disease, brain",1,2015-09-13 16:48:00.000
70,113,"dublin, irish, ireland, gael, independent",2,2015-09-13 16:48:00.000
71,124,"behlendorf, ledger, petrasic, regulators, information",2,2015-09-13 16:48:00.000
72,131,"winklevoss, kingston, trimantium, twins, tyler",1,2015-09-13 16:48:00.000
73,139,"walmart, food, retailers, stores, database",2,2015-09-13 16:48:00.000
74,143,"regulators, occ, lawsky, comptroller, fintech",12,2015-09-13 16:48:00.000
75,145,"chilton, beilfuss, bart, emoney, oped",1,2015-09-13 16:48:00.000
76,155,"settlement, carry, steenis, morgan, banks",4,2015-09-13 16:48:00.000
77,158,"eidel, cotton, cba, brighann, fargo",1,2015-09-13 16:48:00.000
78,173,"contracts, contract, obligations, tps, code",4,2015-09-13 16:48:00.000
79,176,"refugees, refugee, grants, ida, cff",1,2015-09-13 16:48:00.000
80,192,"millennials, personalization, loyalty, ccg, machine",1,2015-09-13 16:48:00.000
81,206,"lindberg, poposka, westpac, tang, apec",2,2015-09-13 16:48:00.000
82,209,"elliptic, paladin, enforcement, behaviour, dr",4,2015-09-13 16:48:00.000
83,210,"schweikert, occ, warner, charter, curry",2,2015-09-13 16:48:00.000
84,-1,"bitcoin, currency, technology, money, value",775,2016-05-26 09:36:00.000
85,0,"bitcoin, bitcoins, wallet, price, cryptocurrency",140,2016-05-26 09:36:00.000
86,1,"linket, reinecke, iot, patent, copolymer",6,2016-05-26 09:36:00.000
87,2,"banks, bank, h3, banking, credit",132,2016-05-26 09:36:00.000
88,3,"wwwwipointpatentscopesearchendetailjsf, inventors, intellectual, geneva, applicants",39,2016-05-26 09:36:00.000
89,4,"china, beijing, yuan, percent, development",54,2016-05-26 09:36:00.000
90,5,"galois, lesavich, kenosha, wis, retrieval",1,2016-05-26 09:36:00.000
91,6,"music, art, nfts, nft, vezt",7,2016-05-26 09:36:00.000
92,7,"dubai, uae, difc, al, abu",37,2016-05-26 09:36:00.000
93,8,"energy, electricity, power, mining, miners",30,2016-05-26 09:36:00.000
94,9,"srinivasan, facebook, onavo, libra, apps",3,2016-05-26 09:36:00.000
95,10,"india, ambani, modi, auxledger, cashaa",12,2016-05-26 09:36:00.000
96,11,"sanctions, north, korea, russia, iran",8,2016-05-26 09:36:00.000
97,12,"education, ict, kpmg, students, university",6,2016-05-26 09:36:00.000
98,13,"singapore, proptech, deals, asia, estate",19,2016-05-26 09:36:00.000
99,14,"wsj, logistics, shipping, container, freight",21,2016-05-26 09:36:00.000
100,15,"esports, toronto, insole, gamurs, bioconnect",3,2016-05-26 09:36:00.000
101,16,"food, ibm, walmart, fraud, maersk",7,2016-05-26 09:36:00.000
102,17,"giancarlo, cftc, swaps, rule, mr",6,2016-05-26 09:36:00.000
103,18,"hilton, icos, lydiancoin, insider, crypto",5,2016-05-26 09:36:00.000
104,19,"cybersecurity, security, cyber, quantum, bossert",14,2016-05-26 09:36:00.000
105,20,"nigeria, africa, percent, snapscan, nigerians",8,2016-05-26 09:36:00.000
106,21,"etf, etfs, portfolios, funds, blackrock",2,2016-05-26 09:36:00.000
107,22,"ossoff, israel, trump, greenblatt, israeli",1,2016-05-26 09:36:00.000
108,23,"moldafsky, room, wales, wikipedia, wikitribune",4,2016-05-26 09:36:00.000
109,24,"ripple, xrp, mupparaju, btcxindia, garlinghouse",4,2016-05-26 09:36:00.000
110,25,"wealth, aum, managers, management, pwc",11,2016-05-26 09:36:00.000
111,26,"ibm, gbs, granger, revenue, cloud",12,2016-05-26 09:36:00.000
112,27,"health, doctors, patients, medicine, healthcare",1,2016-05-26 09:36:00.000
113,28,"futures, cme, cboe, bitcoin, price",39,2016-05-26 09:36:00.000
114,29,"farmers, proudfoot, food, kpmg, agribusiness",6,2016-05-26 09:36:00.000
115,30,"cannabis, trumpcoin, marijuana, dopecoin, grenzebach",6,2016-05-26 09:36:00.000
116,31,"securities, jensen, sec, icos, offering",16,2016-05-26 09:36:00.000
117,33,"bahrain, federation, ubf, cyber, uae",5,2016-05-26 09:36:00.000
118,36,"factoring, factor, gf, importer, import",1,2016-05-26 09:36:00.000
119,37,"ransomware, attack, wannacry, attacks, nhs",6,2016-05-26 09:36:00.000
120,38,"venezuela, maduro, petro, jimnez, caracas",5,2016-05-26 09:36:00.000
121,40,"australia, medcraft, cba, isds, cent",7,2016-05-26 09:36:00.000
122,41,"deck, pitch, tapscott, startup, angaritis",3,2016-05-26 09:36:00.000
123,42,"oracle, cloud, netsuite, ipsoft, platform",7,2016-05-26 09:36:00.000
124,43,"airlines, air, travel, airline, boeing",3,2016-05-26 09:36:00.000
125,44,"byrne, overstock, rowe, delaware, dtc",2,2016-05-26 09:36:00.000
126,46,"malta, cic, pkf, mangion, muscat",6,2016-05-26 09:36:00.000
127,47,"mobileye, transport, simlett, car, vehicles",3,2016-05-26 09:36:00.000
128,50,"sdgs, undp, middleclass, challenges, sector",1,2016-05-26 09:36:00.000
129,51,"feuji, synechron, hyderabad, husain, eknovate",4,2016-05-26 09:36:00.000
130,52,"criminals, monero, bitcoin, satoshi, mwr",2,2016-05-26 09:36:00.000
131,54,"mastercard, visa, reeg, banga, card",2,2016-05-26 09:36:00.000
132,56,"kik, livingston, kin, ethereum, wannacry",10,2016-05-26 09:36:00.000
133,59,"metronome, roszak, maecenas, mtn, bloq",4,2016-05-26 09:36:00.000
134,62,"asx, chess, stevens, setl, replacement",14,2016-05-26 09:36:00.000
135,63,"apogee, nike, results, finish, fashion",1,2016-05-26 09:36:00.000
136,64,"square, dorsey, incense, candles, merchants",1,2016-05-26 09:36:00.000
137,65,"weinberg, paycase, remittance, osc, dishes",7,2016-05-26 09:36:00.000
138,66,"kaltbaum, horsley, gain, skeptics, nasdaq",34,2016-05-26 09:36:00.000
139,68,"law, lawyers, everton, firms, inhouse",2,2016-05-26 09:36:00.000
140,69,"missoula, tire, montana, tread, greenidge",1,2016-05-26 09:36:00.000
141,70,"ai, hp, homo, wall, humans",2,2016-05-26 09:36:00.000
142,72,"debt, rates, balance, inflation, fed",8,2016-05-26 09:36:00.000
143,73,"cornell, linkedin, tcs, tata, skills",2,2016-05-26 09:36:00.000
144,74,"paypal, payments, merchants, secure, schulman",1,2016-05-26 09:36:00.000
145,75,"gsc, secrypt, hoboken, secret, parties",1,2016-05-26 09:36:00.000
146,76,"sri, lanka, trade, hon, agencies",1,2016-05-26 09:36:00.000
147,78,"dogecoin, palmer, joke, absurdity, doge",1,2016-05-26 09:36:00.000
148,79,"women, gender, men, pay, banking",4,2016-05-26 09:36:00.000
149,82,"long, tea, riot, iced, island",2,2016-05-26 09:36:00.000
150,83,"westfield, takeover, cent, mccarthy, us7565c",2,2016-05-26 09:36:00.000
151,88,"circuit, circuits, asic, cmos, asics",2,2016-05-26 09:36:00.000
152,89,"canada, securities, wunsche, fintrac, ontario",4,2016-05-26 09:36:00.000
153,91,"accelerator, yes, programme, finlab, calsoft",13,2016-05-26 09:36:00.000
154,93,"oil, barrels, fujairah, inventory, gasoline",2,2016-05-26 09:36:00.000
155,94,"eu, brexit, customs, ecj, union",5,2016-05-26 09:36:00.000
156,96,"bosch, esarapu, startups, programme, rbvc",3,2016-05-26 09:36:00.000
157,98,"film, deibert, surveillance, pencier, ron",1,2016-05-26 09:36:00.000
158,99,"clariant, vivendi, huntsman, hackett, elliott",2,2016-05-26 09:36:00.000
159,100,"insurance, suncorp, insurer, traity, qbe",6,2016-05-26 09:36:00.000
160,101,"silicon, valley, hollywood, signalfire, coats",3,2016-05-26 09:36:00.000
161,104,"malmgren, china, mexico, governments, economy",1,2016-05-26 09:36:00.000
162,106,"passkit, loyalty, shopin, retailers, airline",2,2016-05-26 09:36:00.000
163,110,"coffee, kharge, starbucks, tourism, karnataka",1,2016-05-26 09:36:00.000
164,112,"hive, gmp, pi, pokrandt, imbalance",1,2016-05-26 09:36:00.000
165,113,"dublin, sep, pmi, ireland, eur",3,2016-05-26 09:36:00.000
166,115,"icos, korea, bithumb, south, yonhap",1,2016-05-26 09:36:00.000
167,117,"sxsw, forrest, austin, event, interactive",1,2016-05-26 09:36:00.000
168,118,"vishwanathan, nasscom, excellence, startups, centres",2,2016-05-26 09:36:00.000
169,119,"kik, kin, luria, slack, livingston",12,2016-05-26 09:36:00.000
170,120,"icos, ico, offerings, degen, securities",4,2016-05-26 09:36:00.000
171,121,"bitflyer, bartek, ringwelski, usd, exchange",6,2016-05-26 09:36:00.000
172,124,"accounting, digest, transaction, records, document",1,2016-05-26 09:36:00.000
173,125,"defence, turner, data61, sharma, darpa",1,2016-05-26 09:36:00.000
174,126,"tapscott, taxation, tax, cryptocurrencies, token",1,2016-05-26 09:36:00.000
175,127,"cryptokitties, kitty, tamagotchi, kittens, cartoon",7,2016-05-26 09:36:00.000
176,131,"twins, winklevoss, nakamoto, satoshi, tyler",3,2016-05-26 09:36:00.000
177,135,"oil, gas, ceraweek, deliberation, energy",1,2016-05-26 09:36:00.000
178,137,"coco, russinovich, quorum, confidentiality, hashchain",1,2016-05-26 09:36:00.000
179,139,"walmart, lore, orders, retailer, ecommerce",1,2016-05-26 09:36:00.000
180,140,"roets, icos, hong, tokens, kong",3,2016-05-26 09:36:00.000
181,141,"climate, consumption, emissions, economy, growth",1,2016-05-26 09:36:00.000
182,143,"skorobogatova, olga, yunusov, solonin, belousov",1,2016-05-26 09:36:00.000
183,146,"mcafee, activists, middle, cuba, east",1,2016-05-26 09:36:00.000
184,147,"wine, wsj, bilbey, wines, bottles",1,2016-05-26 09:36:00.000
185,148,"fricker, gmp, kaushal, takeovers, diligence",14,2016-05-26 09:36:00.000
186,149,"finma, quid, switzerland, quo, francs",1,2016-05-26 09:36:00.000
187,150,"levin, scams, prey, offerings, chainalysis",1,2016-05-26 09:36:00.000
188,151,"nex, mifid, margins, bounce, iilow",2,2016-05-26 09:36:00.000
189,153,"incorporationstate, incorporation, nevada, jurisdiction, item",3,2016-05-26 09:36:00.000
190,155,"mckinsey, rbs, scotland, marsh, banks",3,2016-05-26 09:36:00.000
191,157,"blockone, eos, blumer, coin, larimer",2,2016-05-26 09:36:00.000
192,160,"kushner, israel, netanyahu, brafman, israeli",1,2016-05-26 09:36:00.000
193,165,"greenfield, tercek, adl, biology, hybrid",2,2016-05-26 09:36:00.000
194,169,"groia, kuhlmann, flipp, lafortune, rendall",1,2016-05-26 09:36:00.000
195,172,"ocoins, tron, trx, sun, tronix",1,2016-05-26 09:36:00.000
196,173,"contracts, nazarov, oracles, chainlink, sox",1,2016-05-26 09:36:00.000
197,176,"duhaime, refugees, ehrlich, applicant, carson",1,2016-05-26 09:36:00.000
198,180,"infosys, outsourcers, polaris, nasscom, shift",4,2016-05-26 09:36:00.000
199,181,"fidelity, johnson, ms, abigail, coinbase",4,2016-05-26 09:36:00.000
200,185,"melin, knight, bitcoin, louisville, currency",3,2016-05-26 09:36:00.000
201,186,"ma, tencent, qq, pony, xiongan",1,2016-05-26 09:36:00.000
202,196,"slowdown, visas, westpac, economists, buoyant",1,2016-05-26 09:36:00.000
203,204,"zealand, kiwis, nzbcx, ehrsam, bitprime",9,2016-05-26 09:36:00.000
204,-1,"technology, bitcoin, company, cryptocurrencies, cryptocurrency",2162,2017-10-19 19:12:00.000
205,0,"gold, bitcoin, price, cryptocurrency, cryptocurrencies",335,2017-10-19 19:12:00.000
206,1,"iot, patent, va, alexandria, r1",47,2017-10-19 19:12:00.000
207,2,"banks, bank, credit, banking, fintech",213,2017-10-19 19:12:00.000
208,3,"wwwwipointpatentscopesearchendetailjsf, inventors, intellectual, geneva, publication",116,2017-10-19 19:12:00.000
209,4,"china, yuan, shanghai, beijing, percent",155,2017-10-19 19:12:00.000
210,5,"key, transaction, patent, plurality, header",4,2017-10-19 19:12:00.000
211,6,"art, music, artists, nfts, nft",37,2017-10-19 19:12:00.000
212,7,"dubai, uae, al, islamic, emirates",129,2017-10-19 19:12:00.000
213,8,"energy, power, electricity, mining, gas",72,2017-10-19 19:12:00.000
214,9,"facebook, libra, marcus, zuckerberg, ortiz",42,2017-10-19 19:12:00.000
215,10,"india, modi, minister, rbi, prime",62,2017-10-19 19:12:00.000
216,11,"iran, sanctions, russia, ukraine, trump",38,2017-10-19 19:12:00.000
217,12,"students, skills, education, school, university",55,2017-10-19 19:12:00.000
218,13,"singapore, asia, grab, mvl, trade",52,2017-10-19 19:12:00.000
219,14,"logistics, wsj, freight, shipping, report",55,2017-10-19 19:12:00.000
220,15,"sports, football, fans, selfsell, esports",36,2017-10-19 19:12:00.000
221,16,"food, safety, fda, lettuce, outbreak",55,2017-10-19 19:12:00.000
222,17,"ohio, moreno, epa, taxes, tax",21,2017-10-19 19:12:00.000
223,18,"insider, roundup, crypto, inbox, bi",84,2017-10-19 19:12:00.000
224,19,"cybersecurity, black, quantum, security, book",38,2017-10-19 19:12:00.000
225,20,"africa, nigeria, continent, rogers, lagos",30,2017-10-19 19:12:00.000
226,21,"etfs, etf, funds, fund, ibd",24,2017-10-19 19:12:00.000
227,22,"jersey, tusk, philanthropies, breakfast, montgomery",5,2017-10-19 19:12:00.000
228,23,"facebook, disinformation, civil, media, ad",31,2017-10-19 19:12:00.000
229,24,"ripple, xrp, price, garlinghouse, percent",63,2017-10-19 19:12:00.000
230,25,"creditease, fund, management, wealth, investment",30,2017-10-19 19:12:00.000
231,26,"ibm, fujitsu, cloud, rometty, ngai",26,2017-10-19 19:12:00.000
232,27,"healthcare, health, care, patients, patient",48,2017-10-19 19:12:00.000
233,28,"futures, fsc, augur, trueex, cme",7,2017-10-19 19:12:00.000
234,29,"farmers, agriculture, food, seed, bees",22,2017-10-19 19:12:00.000
235,30,"cannabis, marijuana, blockstrain, financialbuzzcom, pot",38,2017-10-19 19:12:00.000
236,31,"sec, securities, commission, stollaire, icos",17,2017-10-19 19:12:00.000
237,32,"ono, fanstime, metaverse, game, games",22,2017-10-19 19:12:00.000
238,33,"bahrain, fintech, al, gcc, bay",22,2017-10-19 19:12:00.000
239,34,"vietnam, minh, chi, ho, hanoi",21,2017-10-19 19:12:00.000
240,35,"wyoming, mead, cheyenne, taiwan, uw",6,2017-10-19 19:12:00.000
241,36,"bangladesh, apparel, rmg, ireland, dhaka",10,2017-10-19 19:12:00.000
242,37,"ransomware, attacks, glazebrook, hackers, mccoy",4,2017-10-19 19:12:00.000
243,38,"petro, venezuela, maduro, venezuelan, petros",32,2017-10-19 19:12:00.000
244,39,"id2020, vaccine, vaccines, alliance, unicef",5,2017-10-19 19:12:00.000
245,40,"cba, australia, bond, bank, world",11,2017-10-19 19:12:00.000
246,41,"grasshopper, lin, polman, takeovers, deck",2,2017-10-19 19:12:00.000
247,42,"oracle, cloud, autonomous, azure, integration",28,2017-10-19 19:12:00.000
248,43,"boeing, airbus, air, airlines, drone",27,2017-10-19 19:12:00.000
249,44,"overstock, byrne, tzero, celsius, medici",9,2017-10-19 19:12:00.000
250,45,"jpmorgan, dimon, chase, bank, jpm",12,2017-10-19 19:12:00.000
251,46,"malta, muscat, schembri, radio, silvio",20,2017-10-19 19:12:00.000
252,47,"car, vehicle, cassie, vehicles, cars",15,2017-10-19 19:12:00.000
253,48,"pakistan, remittances, remittance, pakistani, elections",8,2017-10-19 19:12:00.000
254,49,"bitfinex, meza, prosecutors, lichtenstein, morgan",4,2017-10-19 19:12:00.000
255,50,"sdgs, impact, development, un, agenda",18,2017-10-19 19:12:00.000
256,51,"pactera, hyderabad, hub, rangapuram, gss",22,2017-10-19 19:12:00.000
257,52,"criminals, monero, bhatt, kidnappers, infante",6,2017-10-19 19:12:00.000
258,54,"mastercard, visa, card, fleetcor, cards",6,2017-10-19 19:12:00.000
259,55,"voting, election, voters, ballot, ballots",19,2017-10-19 19:12:00.000
260,56,"atari, kin, etherparty, draglet, kyc",4,2017-10-19 19:12:00.000
261,57,"drug, drugs, medicines, sentinel, apptec",12,2017-10-19 19:12:00.000
262,59,"george, binance, horyou, bamboo, malta",10,2017-10-19 19:12:00.000
263,60,"fazel, swissborg, div, coinbase, iframe",1,2017-10-19 19:12:00.000
264,61,"reports, trends, decks, forecast, coverage",25,2017-10-19 19:12:00.000
265,62,"asx, chess, dlt, stevens, settlement",4,2017-10-19 19:12:00.000
266,63,"bitmain, fashion, nike, luxury, brands",10,2017-10-19 19:12:00.000
267,64,"square, dorsey, twitter, friar, jack",7,2017-10-19 19:12:00.000
268,65,"decentral, alphard, epazz, gruut, jaxx",13,2017-10-19 19:12:00.000
269,68,"lawyers, law, courtsa, lexyom, attorneys",9,2017-10-19 19:12:00.000
270,69,"county, burrell, bonner, greenidge, spokane",9,2017-10-19 19:12:00.000
271,70,"prism, ai, blue, cognitivescale, arbitration",12,2017-10-19 19:12:00.000
272,71,"revolution, jobs, skills, robots, industrial",18,2017-10-19 19:12:00.000
273,72,"dent, inflation, debt, fed, australia",5,2017-10-19 19:12:00.000
274,73,"talent, linkedin, skills, jobs, job",19,2017-10-19 19:12:00.000
275,75,"dublin, circuitry, accenture, rewrites, gsc",5,2017-10-19 19:12:00.000
276,76,"sri, lanka, dialog, tea, google",7,2017-10-19 19:12:00.000
277,78,"dogecoin, neo, ethereum, joke, hrose",1,2017-10-19 19:12:00.000
278,79,"women, men, banking, woman, officer",5,2017-10-19 19:12:00.000
279,80,"nc, encryption, durham, segments, chaney",1,2017-10-19 19:12:00.000
280,81,"lethbridge, rosenstein, attorney, mueller, mr",4,2017-10-19 19:12:00.000
281,82,"long, tea, iced, nasdaq, stater",19,2017-10-19 19:12:00.000
282,83,"wozniak, monday, week, leyden, sheynkman",6,2017-10-19 19:12:00.000
283,84,"buffett, sun, tron, berkshire, lunch",2,2017-10-19 19:12:00.000
284,85,"coinsquare, diamond, rostand, carbon, expansion",9,2017-10-19 19:12:00.000
285,86,"diamonds, diamond, kimberley, beers, stones",14,2017-10-19 19:12:00.000
286,87,"jio, iot, irootech, nynja, telcos",14,2017-10-19 19:12:00.000
287,89,"cryptoassets, yap, ontario, ontarians, stone",2,2017-10-19 19:12:00.000
288,90,"emudhra, srinivasan, authentication, certifying, ssl",3,2017-10-19 19:12:00.000
289,91,"masteryasia, ata, quest, futian, citi",5,2017-10-19 19:12:00.000
290,93,"fujairah, barrels, platts, distillates, gasoline",15,2017-10-19 19:12:00.000
291,94,"eu, brexit, customs, britain, uk",8,2017-10-19 19:12:00.000
292,96,"blocko, espeo, blume, fund, venture",5,2017-10-19 19:12:00.000
293,97,"tesla, musk, babis, elon, miramar",8,2017-10-19 19:12:00.000
294,98,"multilateralism, trump, guterres, un, davos",17,2017-10-19 19:12:00.000
295,99,"insider, news, welcome, summary, earnings",14,2017-10-19 19:12:00.000
296,100,"shiftpixy, insurance, singlepoint, statements, insurers",11,2017-10-19 19:12:00.000
297,101,"silicon, valley, cagney, angeles, los",12,2017-10-19 19:12:00.000
298,102,"dadi, blair, breach, accenture, thi",14,2017-10-19 19:12:00.000
299,104,"traxion, philippines, pdax, monsoon, manila",6,2017-10-19 19:12:00.000
300,105,"plastics, edf, wave, emissions, plastitrailcom",3,2017-10-19 19:12:00.000
301,106,"shopin, retailers, shping, loyalty, retail",16,2017-10-19 19:12:00.000
302,108,"csl, dna, perreault, genomics, genome",14,2017-10-19 19:12:00.000
303,110,"starbucks, coffee, ambrosus, dunkin, ibd",8,2017-10-19 19:12:00.000
304,111,"kodak, kodakcoin, glance, photographers, leeta",18,2017-10-19 19:12:00.000
305,112,"duckduckgo, canada, securicy, gmp, canadian",7,2017-10-19 19:12:00.000
306,113,"dublin, ireland, moneyconf, cosgrave, apr",9,2017-10-19 19:12:00.000
307,114,"axon, watch, ci, cia, crime",5,2017-10-19 19:12:00.000
308,115,"coincheck, bithumb, exchanges, korea, monex",17,2017-10-19 19:12:00.000
309,116,"twitter, secret, rockmelon, white, incident",1,2017-10-19 19:12:00.000
310,117,"sxsw, pm, austin, library, st",9,2017-10-19 19:12:00.000
311,118,"bengaluru, kumaraswamy, state, telangana, consensys",7,2017-10-19 19:12:00.000
312,120,"icos, degen, modum, achain, clayton",15,2017-10-19 19:12:00.000
313,121,"gemini, smarts, manipulation, rabaglia, selloff",2,2017-10-19 19:12:00.000
314,122,"disarmament, weapons, warfare, nations, security",1,2017-10-19 19:12:00.000
315,123,"defense, nw, navy, ave, pentagon",7,2017-10-19 19:12:00.000
316,124,"ats, nexus, ledger, reterms, interdealer",10,2017-10-19 19:12:00.000
317,125,"hartford, ssc, ideanomics, seven, stars",16,2017-10-19 19:12:00.000
318,126,"cme, tapscott, reference, facilities, mercantile",3,2017-10-19 19:12:00.000
319,127,"cryptokitties, cats, sabree, bladon, game",4,2017-10-19 19:12:00.000
320,128,"billionaires, wealth, dhillon, bezos, list",6,2017-10-19 19:12:00.000
321,131,"nakamoto, kleiman, wright, damti, bitcoin",3,2017-10-19 19:12:00.000
322,132,"mcdaniel, florida, insurance, brandes, accident",1,2017-10-19 19:12:00.000
323,134,"centrality, vagueware, skoot, marcel, publicis",18,2017-10-19 19:12:00.000
324,135,"oil, petroteq, sands, gas, oilpricecom",8,2017-10-19 19:12:00.000
325,136,"kganyago, bi, widjanarko, cbdc, cbdcs",1,2017-10-19 19:12:00.000
326,137,"hashchain, originclear, waterchain, rigs, usechain",13,2017-10-19 19:12:00.000
327,138,"resolute, quebec, feralpierssens, matias, dark",17,2017-10-19 19:12:00.000
328,139,"walmart, vudu, retailer, delivery, grocery",5,2017-10-19 19:12:00.000
329,140,"duren, taihuttu, read, dombrovkis, gnitecki",3,2017-10-19 19:12:00.000
330,141,"carbon, climate, seed, emissions, liberal",2,2017-10-19 19:12:00.000
331,142,"loeb, kea, mandurah, zealand, loebnyc",4,2017-10-19 19:12:00.000
332,143,"ant, alibaba, alipay, challengers, newcomers",1,2017-10-19 19:12:00.000
333,147,"wine, wines, asx, bilbey, coal",2,2017-10-19 19:12:00.000
334,148,"fricker, gmp, banks, rupee, kaushal",1,2017-10-19 19:12:00.000
335,149,"zug, switzerland, vollgeld, valley, snb",8,2017-10-19 19:12:00.000
336,150,"scam, scams, rbi, jaitley, moneylaundering",1,2017-10-19 19:12:00.000
337,151,"foursight, arria, listing, altx, earnings",7,2017-10-19 19:12:00.000
338,152,"usdx, usdt, protocol, stablecoins, stablecoin",1,2017-10-19 19:12:00.000
339,153,"incorporationstate, riotx, incorporation, agreement, nevada",6,2017-10-19 19:12:00.000
340,154,"osullivan, ipos, sosv, barchart, oleary",5,2017-10-19 19:12:00.000
341,155,"steenis, clarke, van, calastone, rbs",4,2017-10-19 19:12:00.000
342,156,"mahathir, anwar, mohamad, malaysia, trainkm",2,2017-10-19 19:12:00.000
343,157,"noah, smileexpo, pornhub, verge, coin",5,2017-10-19 19:12:00.000
344,158,"cotton, textiles, welspun, textile, hygrocotton",3,2017-10-19 19:12:00.000
345,159,"lacity, walton, memphis, arkansas, fedex",2,2017-10-19 19:12:00.000
346,160,"israel, israeli, hogeg, jerusalem, netanyahu",3,2017-10-19 19:12:00.000
347,162,"thiel, freedium, aparna, cbsg, consortium",5,2017-10-19 19:12:00.000
348,164,"ad, advertisers, advertising, ads, marketers",12,2017-10-19 19:12:00.000
349,165,"voice, soderstrom, jpl, alexa, assistants",7,2017-10-19 19:12:00.000
350,166,"proptech, estate, tu, toronto, magliocco",11,2017-10-19 19:12:00.000
351,167,"bfsi, tcs, growth, aarzoo, singh",7,2017-10-19 19:12:00.000
352,168,"chongqing, ces, veritag, sensors, lights",1,2017-10-19 19:12:00.000
353,169,"waze, palm, pain, phone, carpooling",3,2017-10-19 19:12:00.000
354,170,"consent, app, sex, assault, evidence",12,2017-10-19 19:12:00.000
355,171,"telegram, durov, ton, pavel, gram",4,2017-10-19 19:12:00.000
356,173,"contracts, offer, smart, contract, notes",6,2017-10-19 19:12:00.000
357,174,"potcoin, rodman, adams, tshirt, jong",1,2017-10-19 19:12:00.000
358,175,"pst, plympton, wernick, wsjcoin, zillan",7,2017-10-19 19:12:00.000
359,176,"refugees, aid, mazza, slavery, zabi",6,2017-10-19 19:12:00.000
360,179,"amd, nvidia, graphics, earnings, ryzen",10,2017-10-19 19:12:00.000
361,180,"gopinathan, acquisitions, subramaniam, captives, tcs",1,2017-10-19 19:12:00.000
362,181,"fidelity, johnson, abigail, jessop, walsh",4,2017-10-19 19:12:00.000
363,182,"mahindra, futureskills, nasscom, edcast, tech",2,2017-10-19 19:12:00.000
364,184,"watson, lindsay, giguiere, ltea, glenn",3,2017-10-19 19:12:00.000
365,185,"melin, knight, louisville, rodriquez, nekrep",9,2017-10-19 19:12:00.000
366,186,"ma, alibaba, zhang, jack, wealth",7,2017-10-19 19:12:00.000
367,187,"strategies, stocks, watch, portfolio, volatility",3,2017-10-19 19:12:00.000
368,188,"olvet, idc, transformation, canada, runners",12,2017-10-19 19:12:00.000
369,191,"kralingen, nanopay, masrani, cooke, van",2,2017-10-19 19:12:00.000
370,192,"millennials, kalpathi, bagaria, mayya, raina",1,2017-10-19 19:12:00.000
371,194,"penticton, futurebiz, vincent, asbestos, forum",1,2017-10-19 19:12:00.000
372,195,"recessions, bce, recession, growth, stocks",10,2017-10-19 19:12:00.000
373,196,"roubini, nouriel, bubbles, mother, scams",10,2017-10-19 19:12:00.000
374,197,"wildlife, conservation, rhinos, snyder, ixo",2,2017-10-19 19:12:00.000
375,198,"trudeau, canada, visas, inc, workers",8,2017-10-19 19:12:00.000
376,201,"inderias, cows, fresh, trineo, fuel50",2,2017-10-19 19:12:00.000
377,202,"gensler, sec, bounty, ether, securities",3,2017-10-19 19:12:00.000
378,203,"kenetic, chu, bottom, jehan, bloomberg",1,2017-10-19 19:12:00.000
379,204,"booth, cryptopia, kiwis, zealand, scoon",1,2017-10-19 19:12:00.000
380,206,"evans, arruda, toronto, canada, uggla",7,2017-10-19 19:12:00.000
381,208,"berkeley, bartlett, neighborly, bonds, city",6,2017-10-19 19:12:00.000
382,209,"eleesa, scams, gandham, sugar, lord",1,2017-10-19 19:12:00.000
383,210,"mulvaney, occ, bureau, cfpb, sandbox",3,2017-10-19 19:12:00.000
384,211,"gilder, lipton, mr, optimism, google",3,2017-10-19 19:12:00.000
385,212,"laramie, wright, county, wyoming, state",1,2017-10-19 19:12:00.000
386,213,"stablecoin, sokolin, nydfs, paxos, bitlicense",1,2017-10-19 19:12:00.000
387,-1,"libra, facebook, technology, business, currency",1290,2018-07-02 12:00:00.000
388,0,"bitcoin, price, gold, cryptocurrencies, cryptocurrency",108,2018-07-02 12:00:00.000
389,1,"patent, va, alexandria, r1, p1",77,2018-07-02 12:00:00.000
390,2,"banks, bank, credit, payments, loans",92,2018-07-02 12:00:00.000
391,3,"wwwwipointpatentscopesearchendetailjsf, inventors, intellectual, geneva, applicants",276,2018-07-02 12:00:00.000
392,4,"china, yuan, beijing, shenzhen, economy",112,2018-07-02 12:00:00.000
393,5,"header, block, patent, cayman, transaction",13,2018-07-02 12:00:00.000
394,6,"art, nfts, nft, artists, artist",18,2018-07-02 12:00:00.000
395,7,"dubai, uae, al, islamic, abu",117,2018-07-02 12:00:00.000
396,8,"energy, electricity, power, mining, grid",37,2018-07-02 12:00:00.000
397,9,"libra, facebook, marcus, zuckerberg, calibra",149,2018-07-02 12:00:00.000
398,10,"india, modi, rbi, minister, gupta",40,2018-07-02 12:00:00.000
399,11,"iran, sanctions, russia, korea, ukraine",39,2018-07-02 12:00:00.000
400,12,"students, school, skills, education, university",62,2018-07-02 12:00:00.000
401,13,"singapore, asia, trade, diginex, businesses",43,2018-07-02 12:00:00.000
402,14,"logistics, wsj, container, shipping, carriers",50,2018-07-02 12:00:00.000
403,15,"cricket, club, lionesses, sports, laliga",10,2018-07-02 12:00:00.000
404,16,"food, safety, pig, fda, seafood",41,2018-07-02 12:00:00.000
405,17,"bill, irs, tax, davidson, budd",10,2018-07-02 12:00:00.000
406,18,"insider, tether, crypto, roundup, inbox",7,2018-07-02 12:00:00.000
407,19,"cybersecurity, cyber, quantum, hackathons, security",24,2018-07-02 12:00:00.000
408,20,"nigeria, africa, nigerians, south, diaspora",17,2018-07-02 12:00:00.000
409,21,"etfs, etf, issakainen, first, trust",2,2018-07-02 12:00:00.000
410,22,"miami, atlanta, jersey, zones, bureau",13,2018-07-02 12:00:00.000
411,23,"deepfakes, deepfake, video, videos, facebook",27,2018-07-02 12:00:00.000
412,24,"xrp, ripple, bussmann, jpmorgan, jpm",4,2018-07-02 12:00:00.000
413,25,"iex, vc, fund, relationship, venture",21,2018-07-02 12:00:00.000
414,26,"ibm, patents, cloud, rometty, dell",18,2018-07-02 12:00:00.000
415,27,"healthcare, health, patients, care, patient",13,2018-07-02 12:00:00.000
416,28,"cryptoassets, futures, tuteja, esma, eba",5,2018-07-02 12:00:00.000
417,29,"farmers, food, agriculture, farm, bees",17,2018-07-02 12:00:00.000
418,30,"cannabis, marijuana, meat, burger, alta",11,2018-07-02 12:00:00.000
419,31,"sec, securities, grams, telegram, offering",12,2018-07-02 12:00:00.000
420,32,"silver, cultists, cult, bug, airplanes",1,2018-07-02 12:00:00.000
421,33,"bahrain, fintech, al, cryptoxygen, bay",16,2018-07-02 12:00:00.000
422,34,"vietnam, minh, chi, city, nam",26,2018-07-02 12:00:00.000
423,35,"wyoming, uw, cheyenne, wyohackathon, gordon",4,2018-07-02 12:00:00.000
424,36,"bangladesh, luxtag, bangladeshi, ht, dhaka",21,2018-07-02 12:00:00.000
425,37,"hutchins, wannacry, ransomware, attacks, fbi",5,2018-07-02 12:00:00.000
426,38,"venezuela, maduro, petro, venezuelan, rendon",6,2018-07-02 12:00:00.000
427,39,"vaccines, unicef, statwig, chakravarthy, vaccine",3,2018-07-02 12:00:00.000
428,40,"australia, ebury, triguboff, andrews, morrison",14,2018-07-02 12:00:00.000
429,41,"nextblock, tapscott, osc, advisers, placement",4,2018-07-02 12:00:00.000
430,42,"oracle, cloud, microsoft, azure, telefonica",11,2018-07-02 12:00:00.000
431,43,"drones, drone, airline, travel, air",10,2018-07-02 12:00:00.000
432,44,"byrne, overstock, butina, overstockcom, tzero",26,2018-07-02 12:00:00.000
433,45,"jpmorgan, jpm, dimon, coin, jp",18,2018-07-02 12:00:00.000
434,46,"malta, gozo, muscat, pkf, vfa",17,2018-07-02 12:00:00.000
435,47,"wood, vehicles, tesla, car, cars",9,2018-07-02 12:00:00.000
436,48,"pakistan, remittances, pakistanis, remittance, exports",19,2018-07-02 12:00:00.000
437,50,"undp, sdgs, sdg, development, agenda",10,2018-07-02 12:00:00.000
438,51,"hyderabad, hub, centres, innovation, kardiachain",10,2018-07-02 12:00:00.000
439,52,"monero, criminals, chainalysis, bernardalzias, malware",9,2018-07-02 12:00:00.000
440,54,"visa, verve, card, mastercard, kelly",2,2018-07-02 12:00:00.000
441,55,"election, voting, elections, voters, ballot",5,2018-07-02 12:00:00.000
442,57,"medicines, drugs, drug, nigeria, nafdac",6,2018-07-02 12:00:00.000
443,59,"binance, zhao, changpeng, hackers, binanceus",2,2018-07-02 12:00:00.000
444,61,"cross, blue, bea, wan, insurance",1,2018-07-02 12:00:00.000
445,62,"asx, stevens, chess, dlt, stockbrokers",3,2018-07-02 12:00:00.000
446,63,"fashion, brands, luxury, clothes, brand",4,2018-07-02 12:00:00.000
447,64,"coinlist, dorsey, square, repo, winterson",3,2018-07-02 12:00:00.000
448,65,"monet, twaddle, bahrain, cbb, chatterbox",3,2018-07-02 12:00:00.000
449,68,"lawyers, law, firm, firms, clients",12,2018-07-02 12:00:00.000
450,69,"county, missoula, bonner, greenidge, energy",4,2018-07-02 12:00:00.000
451,70,"ai, intensity, robots, prism, blue",16,2018-07-02 12:00:00.000
452,71,"revolution, jobs, industrial, nigeria, skills",9,2018-07-02 12:00:00.000
453,72,"inflation, rates, debt, interest, crisis",10,2018-07-02 12:00:00.000
454,73,"jobs, tholons, talent, skills, passouts",6,2018-07-02 12:00:00.000
455,74,"paypal, libra, facebook, disparte, payments",6,2018-07-02 12:00:00.000
456,75,"furnisher, dublin, accenture, circuitry, receiver",15,2018-07-02 12:00:00.000
457,76,"sri, lanka, latvia, estonia, lithuania",4,2018-07-02 12:00:00.000
458,77,"griffith, north, korea, dprk, sanctions",12,2018-07-02 12:00:00.000
459,79,"women, cummings, bureau, dell, dada",5,2018-07-02 12:00:00.000
460,80,"ciphertext, encryptor, encryption, output, noise",1,2018-07-02 12:00:00.000
461,81,"pornography, child, district, possession, exploitation",7,2018-07-02 12:00:00.000
462,82,"ecc2, tea, long, activitieswatch, soaring",1,2018-07-02 12:00:00.000
463,83,"week, monday, rally, greenspan, tawil",15,2018-07-02 12:00:00.000
464,84,"sun, buffett, lunch, tron, berkshire",17,2018-07-02 12:00:00.000
465,86,"diamond, diamonds, tiffany, beers, de",11,2018-07-02 12:00:00.000
466,87,"jio, telecom, jiofiber, ambani, iot",12,2018-07-02 12:00:00.000
467,88,"asic, asics, circuit, transform, identifier",14,2018-07-02 12:00:00.000
468,89,"cotten, canada, tmx, rbc, quadrigacx",8,2018-07-02 12:00:00.000
469,90,"root, authentication, sso, server, user",4,2018-07-02 12:00:00.000
470,91,"intain, accelerator, fpt, utop, merji",7,2018-07-02 12:00:00.000
471,93,"fujairah, barrels, platts, distillates, gasoline",7,2018-07-02 12:00:00.000
472,94,"eu, brexit, boris, johnson, uk",11,2018-07-02 12:00:00.000
473,96,"inventus, inventusiii, crore, kinzen, fund",13,2018-07-02 12:00:00.000
474,97,"musk, kalanick, uber, tesla, npm",3,2018-07-02 12:00:00.000
475,98,"davos, trump, snoc, lula, soh",2,2018-07-02 12:00:00.000
476,99,"insider, 02, conversation, head, finance",3,2018-07-02 12:00:00.000
477,100,"insurance, xl, parsyl, axa, inrobin",6,2018-07-02 12:00:00.000
478,101,"superhuman, horowitz, vohra, silicon, andreessen",3,2018-07-02 12:00:00.000
479,102,"introducing, grech, london, expo, tech",5,2018-07-02 12:00:00.000
480,104,"bsp, philippines, manila, lorenzo, medici",9,2018-07-02 12:00:00.000
481,105,"plastic, bolint, winnipeg, gas, waste",9,2018-07-02 12:00:00.000
482,106,"retail, retailers, grujin, shopin, bpc",4,2018-07-02 12:00:00.000
483,108,"woodford, verseon, dna, csl, ancestry",5,2018-07-02 12:00:00.000
484,109,"greenberg, collector, travel, seminole, office",1,2018-07-02 12:00:00.000
485,110,"coffee, starbucks, farmers, restar, moyee",4,2018-07-02 12:00:00.000
486,112,"inc, corp, canada, cra, canadian",3,2018-07-02 12:00:00.000
487,113,"chaum, dublin, xx, sep, oct",3,2018-07-02 12:00:00.000
488,114,"ci, enforcement, fentanyl, drug, cq",10,2018-07-02 12:00:00.000
489,117,"pm, regular, liberty, meeting, library",2,2018-07-02 12:00:00.000
490,118,"telangana, bengaluru, hyderabad, mohali, karnataka",5,2018-07-02 12:00:00.000
491,119,"kik, kin, sec, livingston, complaint",6,2018-07-02 12:00:00.000
492,121,"zaif, gatecoin, samsung, s10, fdag",1,2018-07-02 12:00:00.000
493,122,"defence, defexpo, warfare, war, ww3",2,2018-07-02 12:00:00.000
494,123,"navy, dahlgren, transportation, defense, dod",8,2018-07-02 12:00:00.000
495,124,"nucocloud, vmware, gelsinger, dell, satya",2,2018-07-02 12:00:00.000
496,125,"ideanomics, suit, hartford, lawsuit, campus",1,2018-07-02 12:00:00.000
497,126,"skowronski, dxexchange, tapscott, mtf, venue",1,2018-07-02 12:00:00.000
498,128,"mcpike, adventures, space, moon, anderson",1,2018-07-02 12:00:00.000
499,129,"wash, tee, consortium, attestation, redmond",1,2018-07-02 12:00:00.000
500,132,"florida, desantis, cabinet, greenberg, meeting",7,2018-07-02 12:00:00.000
501,135,"oil, gas, adipec, saudi, petroteq",3,2018-07-02 12:00:00.000
502,137,"krishnamachari, softbank, asgaonkar, son, hashchain",2,2018-07-02 12:00:00.000
503,139,"walmart, dunn, cisco, squeo, heckart",4,2018-07-02 12:00:00.000
504,140,"currencies, similarity, coin, jpm, geeks",4,2018-07-02 12:00:00.000
505,141,"emissions, climate, carbon, energy, tonnes",7,2018-07-02 12:00:00.000
506,142,"ofarrell, ah, lumachain, mandurah, slack",2,2018-07-02 12:00:00.000
507,146,"mcafee, cuba, skycoin, yacht, john",7,2018-07-02 12:00:00.000
508,147,"wine, bottles, grosset, bilbey, wines",4,2018-07-02 12:00:00.000
509,149,"liechtenstein, switzerland, principality, vaduz, zug",3,2018-07-02 12:00:00.000
510,150,"onecoin, ruja, scam, scams, jenkins",4,2018-07-02 12:00:00.000
511,151,"kobo360, marketline, ozor, kobocare, glos",1,2018-07-02 12:00:00.000
512,153,"incorporationstate, incorporation, oranco, riot, nevada",4,2018-07-02 12:00:00.000
513,154,"oan, spoke, velocia, velos, winterstein",1,2018-07-02 12:00:00.000
514,155,"creditlogic, dillon, kbc, mortgage, problemdillon",1,2018-07-02 12:00:00.000
515,156,"malaysia, mahathir, ph, islamic, datuk",11,2018-07-02 12:00:00.000
516,157,"rekt, intimate, coppa, bitmex, canfield",5,2018-07-02 12:00:00.000
517,158,"apparel, exporters, india, icra, cotton",1,2018-07-02 12:00:00.000
518,159,"arkansas, walton, erasmus, msu, university",2,2018-07-02 12:00:00.000
519,160,"israel, israeli, jewish, jerusalem, hogeg",3,2018-07-02 12:00:00.000
520,162,"cbsg, betablocks, consortium, du, addenda",7,2018-07-02 12:00:00.000
521,163,"card, mclean, rfid, terminal, va",3,2018-07-02 12:00:00.000
522,165,"alonge, consumers, rxall, debater, deep",3,2018-07-02 12:00:00.000
523,167,"yoy, tcs, qoq, cc, subramaniam",3,2018-07-02 12:00:00.000
524,168,"ces, show, vegas, las, electronics",1,2018-07-02 12:00:00.000
525,169,"truepic, huawei, qualcomm, samsung, wework",9,2018-07-02 12:00:00.000
526,171,"telegram, ton, gram, durov, grams",1,2018-07-02 12:00:00.000
527,172,"munger, sun, poison, tronix, buffett",12,2018-07-02 12:00:00.000
528,173,"contracts, werts, code, contract, lathrop",2,2018-07-02 12:00:00.000
529,175,"civic, vending, alcohol, drinking, rivet",1,2018-07-02 12:00:00.000
530,176,"trafficking, slavery, eugenie, osce, washes",1,2018-07-02 12:00:00.000
531,178,"cryptopia, dawson, police, clark, pete",11,2018-07-02 12:00:00.000
532,179,"amd, nvidia, steves, revenue, graphics",2,2018-07-02 12:00:00.000
533,181,"fidelity, johnson, custody, ms, abigail",2,2018-07-02 12:00:00.000
534,182,"mahindra, tech, quasar, adjoint, quantoz",6,2018-07-02 12:00:00.000
535,183,"university, sukkur, iba, universities, savitribai",10,2018-07-02 12:00:00.000
536,184,"watson, lindsay, giguiere, ltea, fbi",3,2018-07-02 12:00:00.000
537,187,"strategies, watch, stocks, ibd, oneil",9,2018-07-02 12:00:00.000
538,189,"extradition, bail, perth, tibbo, robertson",1,2018-07-02 12:00:00.000
539,191,"nanopay, montreal, cooke, toronto, cbre",1,2018-07-02 12:00:00.000
540,192,"millennials, yougov, debt, generation, shakespeare",5,2018-07-02 12:00:00.000
541,194,"asbestos, dildo, town, name, kale",9,2018-07-02 12:00:00.000
542,197,"wildlife, zoohackathon, kolkata, gomes, teams",3,2018-07-02 12:00:00.000
543,198,"batey, beatdapp, trudeau, music, harper",1,2018-07-02 12:00:00.000
544,200,"brillio, mamodia, clio, bain, newton",1,2018-07-02 12:00:00.000
545,203,"mcdonaugh, kr1, bounceback, run, moya",9,2018-07-02 12:00:00.000
546,205,"fidel, pope, portuguese, castro, mussolini",6,2018-07-02 12:00:00.000
547,206,"pellerin, korelya, europe, korea, devialet",1,2018-07-02 12:00:00.000
548,208,"berkeley, gessinger, lab, luing, bartlett",3,2018-07-02 12:00:00.000
549,209,"victims, quinn, rivet, men, emanuel",3,2018-07-02 12:00:00.000
550,210,"knickerbocker, occ, pilot, program, proposal",1,2018-07-02 12:00:00.000
551,211,"draghi, ecb, ferguson, jin, gilder",5,2018-07-02 12:00:00.000
552,212,"congress, hill, meadows, hatch, hearings",5,2018-07-02 12:00:00.000
553,-1,"patent, china, information, us, states",774,2019-11-25 21:36:00.000
554,0,"gold, bitcoin, dbs, stock, groundhog",34,2019-11-25 21:36:00.000
555,1,"patent, va, r1, patftusptogovnetacginphparser, dptxt",160,2019-11-25 21:36:00.000
556,2,"banks, fintech, bank, custodians, banking",26,2019-11-25 21:36:00.000
557,3,"intellectual, geneva, wwwwipointpatentscopesearchendetailjsf, inventors, publication",32,2019-11-25 21:36:00.000
558,4,"china, beijing, yuan, economy, xi",56,2019-11-25 21:36:00.000
559,5,"cayman, hangzhou, patent, grand, transaction",126,2019-11-25 21:36:00.000
560,6,"kjellberg, pewdiepie, youtube, art, insider",3,2019-11-25 21:36:00.000
561,7,"dubai, uae, al, islamic, difc",33,2019-11-25 21:36:00.000
562,8,"energy, power, mining, electricity, wind",17,2019-11-25 21:36:00.000
563,9,"libra, facebook, association, zuckerberg, black",10,2019-11-25 21:36:00.000
564,10,"modi, india, pm, fdi, opportunities",38,2019-11-25 21:36:00.000
565,11,"iran, sanctions, russia, korea, north",13,2019-11-25 21:36:00.000
566,12,"skills, students, education, university, pichini",21,2019-11-25 21:36:00.000
567,13,"agms, singapore, shareholders, agm, trade",13,2019-11-25 21:36:00.000
568,14,"logistics, tradelens, container, wsj, shipping",11,2019-11-25 21:36:00.000
569,15,"bryant, dinwiddie, nba, sports, league",2,2019-11-25 21:36:00.000
570,16,"shrimp, farmers, feed, food, shrimps",3,2019-11-25 21:36:00.000
571,17,"caithness, irs, hr, ziyen, tax",6,2019-11-25 21:36:00.000
572,18,"journal, queen, insider, coinbase, bba",3,2019-11-25 21:36:00.000
573,19,"uofl, cybersecurity, quantum, nsa, louisville",11,2019-11-25 21:36:00.000
574,20,"nigeria, africa, continent, lagos, aella",10,2019-11-25 21:36:00.000
575,21,"etfs, etf, amplify, magoon, ibuy",1,2019-11-25 21:36:00.000
576,22,"manor, pardo, cg, jersey, defendants",13,2019-11-25 21:36:00.000
577,23,"deepfake, deepfakes, cyberspace, burke, internet",7,2019-11-25 21:36:00.000
578,24,"ripple, xrp, garlinghouse, coil, sec",7,2019-11-25 21:36:00.000
579,25,"doordash, umansky, tsx, fund, fdv",6,2019-11-25 21:36:00.000
580,26,"ibm, krishna, rometty, arvind, cloud",22,2019-11-25 21:36:00.000
581,27,"healthcare, health, apps, unhin, proudcrowd",7,2019-11-25 21:36:00.000
582,28,"futures, bakkt, fonda, alam, intercontinental",3,2019-11-25 21:36:00.000
583,29,"food, agriculture, farmers, farm, alkatib",14,2019-11-25 21:36:00.000
584,30,"cannabis, releaf, hempstreet, mackenzie, marijuana",3,2019-11-25 21:36:00.000
585,31,"sec, securities, abra, nac, andrade",9,2019-11-25 21:36:00.000
586,32,"dea, yoshida, games, playmining, naohito",1,2019-11-25 21:36:00.000
587,33,"bahrain, cbb, al, cysec, fardan",6,2019-11-25 21:36:00.000
588,34,"vietnam, ai, nam, vit, zalo",6,2019-11-25 21:36:00.000
589,35,"wyoming, pierce, uw, cheyenne, women",4,2019-11-25 21:36:00.000
590,36,"bangladesh, dark, web, webinar, startup",7,2019-11-25 21:36:00.000
591,37,"hutchins, hacker, hackers, kids, vinny",2,2019-11-25 21:36:00.000
592,39,"vaccine, virus, hydroxychloroquine, covid19, health",7,2019-11-25 21:36:00.000
593,40,"zhenhua, australia, rcep, database, trade",4,2019-11-25 21:36:00.000
594,41,"strategies, deck, stocks, watch, pitch",1,2019-11-25 21:36:00.000
595,42,"oracle, cloud, regions, opn, autonomous",1,2019-11-25 21:36:00.000
596,43,"airline, air, airlines, nz, zealand",5,2019-11-25 21:36:00.000
597,44,"overstock, byrne, furnishings, johnson, tzero",3,2019-11-25 21:36:00.000
598,45,"jpmorgan, dimon, liink, onyx, gemini",6,2019-11-25 21:36:00.000
599,46,"schembri, malta, expansion, rating, economy",1,2019-11-25 21:36:00.000
600,47,"scooters, bird, scooter, lime, bikes",4,2019-11-25 21:36:00.000
601,48,"pakistan, ewaste, yuan, ermb, pboc",4,2019-11-25 21:36:00.000
602,49,"ulbricht, silk, bitcoins, justice, seizure",3,2019-11-25 21:36:00.000
603,50,"esg, stip, infrastructure, goals, sdgs",8,2019-11-25 21:36:00.000
604,51,"accenture, hyderabad, innovation, hub, nano",5,2019-11-25 21:36:00.000
605,52,"ponle, woodbery, criminals, monero, bec",2,2019-11-25 21:36:00.000
606,53,"ill, bloomington, vehicle, ga, mutual",21,2019-11-25 21:36:00.000
607,54,"mastercard, visa, card, sarker, ling",4,2019-11-25 21:36:00.000
608,55,"voting, voters, election, voatz, ballot",11,2019-11-25 21:36:00.000
609,57,"singh, drugs, ncb, psychotropic, drug",6,2019-11-25 21:36:00.000
610,59,"association, binance, binanceus, coinbase, lobbying",1,2019-11-25 21:36:00.000
611,61,"reports, trends, decks, forecast, coverage",9,2019-11-25 21:36:00.000
612,62,"asx, chess, stevens, outage, woolworths",6,2019-11-25 21:36:00.000
613,63,"fashion, dress, brands, dapper, clothing",1,2019-11-25 21:36:00.000
614,64,"dorsey, tadesse, tdb, africa, ibex",2,2019-11-25 21:36:00.000
615,65,"rsk, rif, iov, gutirrez, zaldvar",2,2019-11-25 21:36:00.000
616,67,"node, consensus, nodes, cayman, messages",25,2019-11-25 21:36:00.000
617,68,"law, clients, lawyers, firm, firms",4,2019-11-25 21:36:00.000
618,70,"covid, transformation, things, dallas, ai",1,2019-11-25 21:36:00.000
619,71,"knowledge, revolution, uae, wef, industrial",2,2019-11-25 21:36:00.000
620,73,"coursera, telangana, courses, colleges, hyderabad",2,2019-11-25 21:36:00.000
621,74,"paypal, schulman, payments, libra, venmo",7,2019-11-25 21:36:00.000
622,75,"circuitry, concession, authorization, dublin, hoboken",2,2019-11-25 21:36:00.000
623,76,"tea, sri, lanka, hemachandra, mew",2,2019-11-25 21:36:00.000
624,78,"simpsons, dogecoin, shard, simpson, roy",2,2019-11-25 21:36:00.000
625,80,"encryption, key, laminate, patent, springfield",7,2019-11-25 21:36:00.000
626,81,"elmaani, plexcoin, pearl, attorney, district",5,2019-11-25 21:36:00.000
627,83,"halvings, halving, countdown, undergone, clocks",2,2019-11-25 21:36:00.000
628,84,"buffett, sun, lunch, tron, berkshire",5,2019-11-25 21:36:00.000
629,87,"jio, lake, silver, reliance, ambani",1,2019-11-25 21:36:00.000
630,88,"asic, circuit, transform, asics, stream",4,2019-11-25 21:36:00.000
631,89,"opp, tapscott, montreal, don, fournier",2,2019-11-25 21:36:00.000
632,90,"authentication, device, user, server, request",6,2019-11-25 21:36:00.000
633,91,"ati, accelerator, boeing, 100000, kraken",1,2019-11-25 21:36:00.000
634,92,"id, content, attributes, zhiguo, cayman",2,2019-11-25 21:36:00.000
635,93,"fujairah, barrels, distillates, platts, bunker",2,2019-11-25 21:36:00.000
636,95,"hangzhou, ledger, server, timestamp, yize",10,2019-11-25 21:36:00.000
637,96,"mantra, chintalapati, startups, srikanth, fund",4,2019-11-25 21:36:00.000
638,97,"musk, twitter, tesla, moon, elon",2,2019-11-25 21:36:00.000
639,98,"setyon, zico, szabat, trump, campaign",3,2019-11-25 21:36:00.000
640,102,"facedrive, coinsilium, esg, indorse, eddy",3,2019-11-25 21:36:00.000
641,103,"consensus, subsets, requests, hangzhou, concurrent",3,2019-11-25 21:36:00.000
642,104,"fshi, gameworx, manila, allex, lambino",2,2019-11-25 21:36:00.000
643,105,"newlight, aircarbon, herrema, plastic, carbon",1,2019-11-25 21:36:00.000
644,108,"biotech, csl, repare, canada, drug",1,2019-11-25 21:36:00.000
645,109,"greenberg, collector, seminole, beute, joel",5,2019-11-25 21:36:00.000
646,110,"starbucks, ant, coffee, alipay, hormel",4,2019-11-25 21:36:00.000
647,111,"kodak, continenza, ingredients, shares, stock",3,2019-11-25 21:36:00.000
648,114,"corruption, wbg, ci, anticorruption, crime",1,2019-11-25 21:36:00.000
649,115,"south, korea, fiu, exchanges, bithumb",1,2019-11-25 21:36:00.000
650,116,"twitter, accounts, hackers, hack, attack",16,2019-11-25 21:36:00.000
651,117,"ignite, intel, weisfeld, austin, munich",1,2019-11-25 21:36:00.000
652,118,"telangana, hyderabad, esc, minister, ict",3,2019-11-25 21:36:00.000
653,119,"akon, akoin, kik, kin, senegal",1,2019-11-25 21:36:00.000
654,121,"drop, ayyar, luno, selloff, profittaking",7,2019-11-25 21:36:00.000
655,122,"warfare, naravane, balakot, army, militaries",10,2019-11-25 21:36:00.000
656,123,"transportation, academy, defense, command, ustranscom",3,2019-11-25 21:36:00.000
657,125,"anand, phagapasvivat, xia, somika, safir",1,2019-11-25 21:36:00.000
658,128,"billionaires, wealth, hurun, list, rich",3,2019-11-25 21:36:00.000
659,129,"wash, tee, redmond, seattle, device",5,2019-11-25 21:36:00.000
660,130,"container, asset, object, objects, target",4,2019-11-25 21:36:00.000
661,136,"cbdcs, cbdc, banks, bank, currency",3,2019-11-25 21:36:00.000
662,140,"bsv, coingeek, sv, ehr, bitcoin",2,2019-11-25 21:36:00.000
663,141,"coal, emissions, myllyvirta, climate, crea",1,2019-11-25 21:36:00.000
664,142,"inbev, ab, milikin, accelerator, sustainability",1,2019-11-25 21:36:00.000
665,144,"hangzhou, random, commitment, types, transaction",5,2019-11-25 21:36:00.000
666,146,"mcafee, antivirus, extradition, cuba, engagements",2,2019-11-25 21:36:00.000
667,151,"ksnet, kotz, jse, ueps, payletter",4,2019-11-25 21:36:00.000
668,153,"incorporationstate, riotx, xms, wwwsecgovarchivesedgardata1167419000107997320000134riot8khtm, incorporation",1,2019-11-25 21:36:00.000
669,154,"decimal, founders, pitches, problem, venture",1,2019-11-25 21:36:00.000
670,155,"analysts, jpmorgan, quarter, income, bloombergthe",1,2019-11-25 21:36:00.000
671,156,"imam, muslims, islam, wd, muslim",1,2019-11-25 21:36:00.000
672,158,"cotton, tiruppur, raw, benedetto, queen",3,2019-11-25 21:36:00.000
673,159,"arkansas, walton, lacity, university, waller",3,2019-11-25 21:36:00.000
674,160,"cyber, cybertech, israel, power, rapaport",1,2019-11-25 21:36:00.000
675,161,"certificate, node, validity, communication, request",2,2019-11-25 21:36:00.000
676,163,"card, address, rfid, bearer, va",3,2019-11-25 21:36:00.000
677,164,"ad, cookies, adtech, advertisers, tassie",1,2019-11-25 21:36:00.000
678,165,"fiduciaries, individual, privacy, bill, sentences",1,2019-11-25 21:36:00.000
679,167,"ust, visionet, penang, bfsi, malaysia",2,2019-11-25 21:36:00.000
680,168,"ces, systrom, thanedar, altman, ventilators",2,2019-11-25 21:36:00.000
681,170,"consent, woman, app, wxyz, sex",1,2019-11-25 21:36:00.000
682,171,"telegram, ton, grams, durov, gram",8,2019-11-25 21:36:00.000
683,176,"wfp, slavery, refugees, otiende, food",3,2019-11-25 21:36:00.000
684,177,"sets, error, correction, plurality, values",4,2019-11-25 21:36:00.000
685,178,"dawson, cryptopia, clark, intranel, gotts",1,2019-11-25 21:36:00.000
686,180,"acquisitions, infosys, wipro, cognizant, capabilities",3,2019-11-25 21:36:00.000
687,182,"mahindra, dr, cyqurex, webinar, hinduja",2,2019-11-25 21:36:00.000
688,183,"bachelor, sukkur, university, iba, sindh",1,2019-11-25 21:36:00.000
689,186,"strategies, ma, alibabacom, stocks, watch",2,2019-11-25 21:36:00.000
690,191,"nanopay, cooke, cohn, gazette, canada",8,2019-11-25 21:36:00.000
691,194,"stroke, somerset, asbestos, mingus, dildo",1,2019-11-25 21:36:00.000
692,197,"wildlife, zoohackathon, conservation, skipwith, species",5,2019-11-25 21:36:00.000
693,199,"relay, attestation, node, yirong, result",3,2019-11-25 21:36:00.000
694,203,"qasem, aboutturn, soleimani, baghdad, airstrike",1,2019-11-25 21:36:00.000
695,205,"pope, portuguese, haw, joyce, fidel",5,2019-11-25 21:36:00.000
696,206,"tencent, sensat, 41bn, evans, arruda",1,2019-11-25 21:36:00.000
697,209,"mnuchin, testimony, taxedbitcoin, criticizedit, launderingtransparency",1,2019-11-25 21:36:00.000
698,210,"brooks, occ, charter, comptroller, curry",2,2019-11-25 21:36:00.000
699,211,"gilder, organisations, draghi, businesses, climate",1,2019-11-25 21:36:00.000
700,213,"albanese, andreessen, horowitz, nyse, digitalcurrency",2,2019-11-25 21:36:00.000
701,-1,"bitcoin, cryptocurrency, crypto, patent, us",1702,2020-08-07 14:24:00.000
702,0,"bitcoin, stock, stocks, crypto, gold",236,2020-08-07 14:24:00.000
703,1,"patent, va, r1, alexandria, sect1pto2",326,2020-08-07 14:24:00.000
704,2,"defi, banks, bank, payments, banking",79,2020-08-07 14:24:00.000
705,3,"intellectual, geneva, application, publication, patent",25,2020-08-07 14:24:00.000
706,4,"china, beijing, yuan, renminbi, etihad",81,2020-08-07 14:24:00.000
707,5,"hangzhou, cayman, patent, transaction, method",230,2020-08-07 14:24:00.000
708,6,"art, nft, nfts, auction, artists",209,2020-08-07 14:24:00.000
709,7,"dubai, uae, al, abu, dhabi",35,2020-08-07 14:24:00.000
710,8,"energy, mining, electricity, power, miners",87,2020-08-07 14:24:00.000
711,9,"facebook, diem, libra, novi, marcus",17,2020-08-07 14:24:00.000
712,10,"india, modi, rbi, minister, cbdc",46,2020-08-07 14:24:00.000
713,11,"sanctions, iran, north, korea, electricity",13,2020-08-07 14:24:00.000
714,12,"students, school, university, education, skills",16,2020-08-07 14:24:00.000
715,13,"singapore, spacs, sgx, spac, marinetech",16,2020-08-07 14:24:00.000
716,14,"logistics, jun, port, bst, container",7,2020-08-07 14:24:00.000
717,15,"sports, nba, shot, fans, f1",60,2020-08-07 14:24:00.000
718,16,"food, meat, jbs, fao, livestock",21,2020-08-07 14:24:00.000
719,17,"bill, lawmakers, senate, lummis, provision",52,2020-08-07 14:24:00.000
720,18,"crowdcube, insider, meitu, buterin, argo",5,2020-08-07 14:24:00.000
721,19,"quantum, cybersecurity, cyber, security, purdue",10,2020-08-07 14:24:00.000
722,20,"nigeria, africa, cbn, nigerians, naira",29,2020-08-07 14:24:00.000
723,21,"etf, etfs, funds, exposure, fund",42,2020-08-07 14:24:00.000
724,22,"miami, tunney, art, basel, ohio",36,2020-08-07 14:24:00.000
725,23,"dlive, album, speech, facebook, capitol",17,2020-08-07 14:24:00.000
726,24,"ripple, xrp, moneygram, sec, hinkes",5,2020-08-07 14:24:00.000
727,25,"collins, fund, vickery, equity, funds",11,2020-08-07 14:24:00.000
728,26,"nadella, ibm, microsoft, lenovo, chairman",3,2020-08-07 14:24:00.000
729,27,"health, healthcare, lawyers, care, gisle",5,2020-08-07 14:24:00.000
730,28,"gensler, futures, regulators, crypto, duck",17,2020-08-07 14:24:00.000
731,29,"farmers, agriculture, food, farming, eib",11,2020-08-07 14:24:00.000
732,30,"cannabis, lawyers, marijuana, research, unm",8,2020-08-07 14:24:00.000
733,31,"sec, securities, demarr, krstic, complaint",12,2020-08-07 14:24:00.000
734,32,"metaverse, games, game, axie, roblox",19,2020-08-07 14:24:00.000
735,33,"bahrain, cbdcs, arabic, cryptocurrencies, exhibition",12,2020-08-07 14:24:00.000
736,34,"vietnam, khue, sao, nam, vit",7,2020-08-07 14:24:00.000
737,35,"wyoming, uw, casper, cheyenne, stampede",34,2020-08-07 14:24:00.000
738,36,"bangladesh, remittances, apparel, trackers, roychaudhary",17,2020-08-07 14:24:00.000
739,37,"ransomware, darkside, attacks, hackers, pipeline",29,2020-08-07 14:24:00.000
740,38,"tax, hmrc, venezuela, petro, cgt",8,2020-08-07 14:24:00.000
741,39,"vaccine, vaccination, pass, health, vaccines",33,2020-08-07 14:24:00.000
742,40,"bartercard, australia, cba, carbon, bragg",9,2020-08-07 14:24:00.000
743,41,"deck, pitch, series, reviews, startup",28,2020-08-07 14:24:00.000
744,43,"aviation, airports, aircraft, air, airlines",1,2020-08-07 14:24:00.000
745,44,"celsius, byrne, overstock, cohenpavon, mashinsky",6,2020-08-07 14:24:00.000
746,45,"jpmorgan, dimon, source, jamie, insider",5,2020-08-07 14:24:00.000
747,46,"malta, caruana, fatf, muscat, decision",1,2020-08-07 14:24:00.000
748,47,"facedrive, ev, car, vehicles, tesla",11,2020-08-07 14:24:00.000
749,48,"pakistan, certifications, remittances, hashmi, export",11,2020-08-07 14:24:00.000
750,49,"ncet, harmon, department, enforcement, justice",6,2020-08-07 14:24:00.000
751,50,"esg, sustainability, timberland, netexplo, reporting",3,2020-08-07 14:24:00.000
752,52,"monero, criminals, ransomware, chainalysis, gangs",17,2020-08-07 14:24:00.000
753,53,"ill, bloomington, vehicle, insurance, automobile",13,2020-08-07 14:24:00.000
754,54,"visa, mastercard, payments, card, stock",23,2020-08-07 14:24:00.000
755,55,"voting, election, voters, ballots, postal",2,2020-08-07 14:24:00.000
756,56,"poly, hacker, hackers, defi, crypto",10,2020-08-07 14:24:00.000
757,57,"pharma, medicines, drugs, drug, therapy",12,2020-08-07 14:24:00.000
758,58,"salvador, el, bukele, salvadorans, nayib",36,2020-08-07 14:24:00.000
759,59,"binance, zhao, brane, bullish, exchange",9,2020-08-07 14:24:00.000
760,60,"coinbase, armstrong, listing, uniswap, valuation",31,2020-08-07 14:24:00.000
761,62,"asx, longo, stevens, chix, chess",2,2020-08-07 14:24:00.000
762,63,"fashion, cettire, brands, luxury, xinjiang",11,2020-08-07 14:24:00.000
763,64,"dorsey, square, twitter, jack, tweet",18,2020-08-07 14:24:00.000
764,65,"class, p4the, cci, p4this, potentials",3,2020-08-07 14:24:00.000
765,67,"node, consensus, nodes, cayman, backup",7,2020-08-07 14:24:00.000
766,68,"ashurst, lawyers, law, firm, freshfields",5,2020-08-07 14:24:00.000
767,69,"greenidge, county, energy, mining, cherokee",8,2020-08-07 14:24:00.000
768,70,"accounting, jd, technologies, zarmi, stanley",2,2020-08-07 14:24:00.000
769,71,"revolution, jobs, industrial, bofa, revolutions",2,2020-08-07 14:24:00.000
770,72,"inflation, debt, greece, rates, fed",9,2020-08-07 14:24:00.000
771,73,"alphabeta, students, bba, specialisation, university",1,2020-08-07 14:24:00.000
772,74,"paypal, schulman, venmo, payments, merchants",16,2020-08-07 14:24:00.000
773,75,"furnisher, receiver, dublin, accenture, circuitry",5,2020-08-07 14:24:00.000
774,76,"sri, lanka, tea, exports, lankan",14,2020-08-07 14:24:00.000
775,77,"griffith, north, dprk, korea, shrem",10,2020-08-07 14:24:00.000
776,78,"dogecoin, safemoon, doge, musk, meme",22,2020-08-07 14:24:00.000
777,80,"encryption, key, patent, decryption, laminate",13,2020-08-07 14:24:00.000
778,81,"spears, cheng, attorney, district, britney",7,2020-08-07 14:24:00.000
779,82,"long, pineapple, hargreaves, gamestop, iris",6,2020-08-07 14:24:00.000
780,83,"avalanche, ava, avax, coinmarketcap, sirer",1,2020-08-07 14:24:00.000
781,85,"carbon, unibanco, ita, coinsquare, offset",18,2020-08-07 14:24:00.000
782,86,"diamond, standard, diamonds, kinney, trust",2,2020-08-07 14:24:00.000
783,88,"asic, circuit, asics, identifier, circuits",5,2020-08-07 14:24:00.000
784,89,"zhao, canada, binance, ontario, province",8,2020-08-07 14:24:00.000
785,90,"authentication, user, root, authorization, patent",8,2020-08-07 14:24:00.000
786,92,"id, content, zhiguo, cayman, information",18,2020-08-07 14:24:00.000
787,94,"zilgalvis, pteris, european, sitting, court",1,2020-08-07 14:24:00.000
788,95,"hangzhou, server, timestamp, ledger, parameter",13,2020-08-07 14:24:00.000
789,97,"musk, tesla, burry, elon, kimbal",6,2020-08-07 14:24:00.000
790,99,"hwang, welcome, insider, stocks, sign",4,2020-08-07 14:24:00.000
791,102,"fairweather, thomason, bernerslee, mafs, australia",1,2020-08-07 14:24:00.000
792,103,"consensus, node, nodes, patent, mce",11,2020-08-07 14:24:00.000
793,104,"drakons, philippines, unionbank, manila, tagle",3,2020-08-07 14:24:00.000
794,105,"wales, blu, waste, welsh, finboot",8,2020-08-07 14:24:00.000
795,108,"revenue, q4, csl, eps, views",1,2020-08-07 14:24:00.000
796,109,"greenberg, gaetz, collector, sex, seminole",15,2020-08-07 14:24:00.000
797,110,"coffee, starbucks, sca, specialty, mah",2,2020-08-07 14:24:00.000
798,112,"sosnoff, options, derivatives, canada, carnovale",9,2020-08-07 14:24:00.000
799,113,"ireland, dublin, irish, cork, vaccine",2,2020-08-07 14:24:00.000
800,114,"abbas, coconspirator, cashout, ci, extortion",1,2020-08-07 14:24:00.000
801,115,"hanryu, aniglobal, wave, kknowledge, fandomchain",1,2020-08-07 14:24:00.000
802,116,"twitter, mar, gmt, hack, vantage",2,2020-08-07 14:24:00.000
803,118,"bengal, hidco, kar, town, bengaluru",1,2020-08-07 14:24:00.000
804,121,"amazon, shorts, aws, ayyar, lagoudis",3,2020-08-07 14:24:00.000
805,122,"afghanistan, warfare, ufl, taliban, doval",6,2020-08-07 14:24:00.000
806,123,"afwerx, spacewerx, sbir, force, space",1,2020-08-07 14:24:00.000
807,124,"proof, buswick, stake, ledger, issuers",1,2020-08-07 14:24:00.000
808,126,"tapscott, adoption, mcglone, layer, portfolios",14,2020-08-07 14:24:00.000
809,127,"cryptokitties, turkey, wolfango, piccoli, teneo",5,2020-08-07 14:24:00.000
810,128,"wealth, billionaires, clients, advisers, smorgon",8,2020-08-07 14:24:00.000
811,129,"wash, redmond, seattle, patent, licensing",11,2020-08-07 14:24:00.000
812,130,"object, asset, target, container, cayman",8,2020-08-07 14:24:00.000
813,131,"nakamoto, kleiman, wright, satoshi, creator",8,2020-08-07 14:24:00.000
814,132,"desantis, florida, budget, state, highway",8,2020-08-07 14:24:00.000
815,133,"nfl, dapper, collectibles, tedman, nflpa",18,2020-08-07 14:24:00.000
816,135,"oil, gas, petroteq, sep, gmt",6,2020-08-07 14:24:00.000
817,136,"cbdcs, cbdc, bank, feasibility, banks",12,2020-08-07 14:24:00.000
818,137,"cci, competition, competitors, scoreboard, hashchain",1,2020-08-07 14:24:00.000
819,139,"walmart, ribbit, flipkart, dot, phonepe",1,2020-08-07 14:24:00.000
820,140,"bumble, cube, gmt, tungsten, cubes",4,2020-08-07 14:24:00.000
821,141,"climate, emissions, esg, sustainability, carbon",4,2020-08-07 14:24:00.000
822,142,"mandurah, councillor, city, gilmour, community",3,2020-08-07 14:24:00.000
823,144,"commitment, ciphertext, hangzhou, random, remitter",7,2020-08-07 14:24:00.000
824,145,"wu, biden, mnuchin, administration, klaine",2,2020-08-07 14:24:00.000
825,146,"mcafee, cuba, cuban, antivirus, john",5,2020-08-07 14:24:00.000
826,147,"whisky, wine, kishnani, rare, auction",1,2020-08-07 14:24:00.000
827,149,"switzerland, watches, zug, singapore, ftse",3,2020-08-07 14:24:00.000
828,150,"scam, scams, qin, lub, scammers",6,2020-08-07 14:24:00.000
829,152,"stablecoins, tether, stablecoin, reserves, usdt",12,2020-08-07 14:24:00.000
830,154,"swery, raviv, blockbusterdao, blockbuster, acquisition",3,2020-08-07 14:24:00.000
831,155,"signature, quarter, loans, depaolo, provision",1,2020-08-07 14:24:00.000
832,157,"sedigh, spacs, cra, tax, beaudry",2,2020-08-07 14:24:00.000
833,158,"cotton, fibretrace, oritain, welspun, denim",5,2020-08-07 14:24:00.000
834,159,"arkansas, walton, goforth, college, waller",6,2020-08-07 14:24:00.000
835,160,"israel, hogeg, serbia, jerusalem, israeli",5,2020-08-07 14:24:00.000
836,161,"ca, certificate, node, request, verification",8,2020-08-07 14:24:00.000
837,163,"rfid, address, card, bearer, rf",6,2020-08-07 14:24:00.000
838,166,"proptech, exhibitions, property, properties, estate",1,2020-08-07 14:24:00.000
839,168,"ces, vegas, las, cta, omicron",7,2020-08-07 14:24:00.000
840,174,"adams, suarez, mayor, city, york",3,2020-08-07 14:24:00.000
841,175,"pet, cryptocurrency, rudes, long, plunge",2,2020-08-07 14:24:00.000
842,176,"mazza, zabi, alkoby, amiri, refugees",1,2020-08-07 14:24:00.000
843,177,"sets, error, correction, plurality, values",7,2020-08-07 14:24:00.000
844,180,"simba, vg, gics, gic, infosys",2,2020-08-07 14:24:00.000
845,182,"mahindra, isg, lens, tech, mss",1,2020-08-07 14:24:00.000
846,183,"university, kfupm, students, universities, sukkur",1,2020-08-07 14:24:00.000
847,184,"lindsay, watson, giguiere, ltea, sec",5,2020-08-07 14:24:00.000
848,186,"ma, alibaba, pawnshop, today, regulation",2,2020-08-07 14:24:00.000
849,189,"tibbo, snowden, patel, kumara, pushpa",11,2020-08-07 14:24:00.000
850,190,"dtcc, robinhood, settlement, clearing, margin",11,2020-08-07 14:24:00.000
851,192,"millennials, menton, thornton, lot, jessica",4,2020-08-07 14:24:00.000
852,193,"helium, avanti, renergen, argonon, gas",8,2020-08-07 14:24:00.000
853,197,"seychelles, conservation, magpie, wildlife, cousin",1,2020-08-07 14:24:00.000
854,198,"trudeau, harper, canada, dollar, andbill",1,2020-08-07 14:24:00.000
855,199,"relay, node, result, yirong, cayman",8,2020-08-07 14:24:00.000
856,200,"clio, newton, omers, rowe, lawyers",10,2020-08-07 14:24:00.000
857,202,"gensler, sec, securities, gary, defi",7,2020-08-07 14:24:00.000
858,204,"zealand, kiwis, carterbrown, zealanders, nzbcx",1,2020-08-07 14:24:00.000
859,207,"que, la, el, para, como",10,2020-08-07 14:24:00.000
860,208,"berkeley, uc, allison, nobel, doudna",2,2020-08-07 14:24:00.000
861,209,"malpractice, alexander, regulators, kaboomracks, step",1,2020-08-07 14:24:00.000
862,210,"occ, brown, hsu, paxos, approvals",1,2020-08-07 14:24:00.000
863,213,"coinseed, york, bitlicense, sadeghi, ubell",2,2020-08-07 14:24:00.000
864,-1,"crypto, bitcoin, cryptocurrency, assets, us",643,2021-04-20 07:12:00.000
865,0,"bitcoin, crypto, stocks, stock, silvergate",71,2021-04-20 07:12:00.000
866,1,"patent, va, r1, co1and, patftusptogovnetacginphparser",135,2021-04-20 07:12:00.000
867,2,"defi, banks, meld, customers, bank",24,2021-04-20 07:12:00.000
868,3,"intellectual, geneva, application, publication, patent",29,2021-04-20 07:12:00.000
869,4,"china, yuan, beijing, cbdc, ecny",15,2021-04-20 07:12:00.000
870,5,"hangzhou, patent, cayman, method, transaction",69,2021-04-20 07:12:00.000
871,6,"nfts, nft, art, artists, artist",111,2021-04-20 07:12:00.000
872,7,"dubai, uae, ape, bored, al",17,2021-04-20 07:12:00.000
873,8,"mining, energy, power, argo, miners",30,2021-04-20 07:12:00.000
874,9,"chabad, libra, facebook, nachlas, mana",3,2021-04-20 07:12:00.000
875,10,"sitharaman, india, minister, rbi, modi",20,2021-04-20 07:12:00.000
876,11,"russia, sanctions, ukraine, iran, invasion",96,2021-04-20 07:12:00.000
877,12,"students, skills, university, labh, education",16,2021-04-20 07:12:00.000
878,13,"esg, singapore, treehouse, grab, addx",8,2021-04-20 07:12:00.000
879,14,"seemsville, logistics, shipsy, northampton, route",4,2021-04-20 07:12:00.000
880,15,"sports, bowl, super, ad, league",26,2021-04-20 07:12:00.000
881,16,"sausages, fda, food, hungry, chef",4,2021-04-20 07:12:00.000
882,17,"senate, crypto, lawmakers, ohio, daos",23,2021-04-20 07:12:00.000
883,18,"oleary, avalanche, shark, solana, tank",1,2021-04-20 07:12:00.000
884,19,"quantum, acronis, znet, cybersecurity, cyber",5,2021-04-20 07:12:00.000
885,20,"rwanda, nigeria, africa, migration, ukrad",4,2021-04-20 07:12:00.000
886,21,"etfs, etf, kling, ifsc, torus",22,2021-04-20 07:12:00.000
887,22,"conger, mayors, tampa, jackson, suarez",24,2021-04-20 07:12:00.000
888,23,"parton, meta, facebook, media, tallinn",6,2021-04-20 07:12:00.000
889,24,"ripple, xrp, young, garlinghouse, modulr",2,2021-04-20 07:12:00.000
890,25,"fidelity, johnson, entrepreneurs, portage, felesky",6,2021-04-20 07:12:00.000
891,27,"healthcare, classplus, crore, finova, vivriti",4,2021-04-20 07:12:00.000
892,28,"fsb, futures, cryptoassets, earnings, tuesday",2,2021-04-20 07:12:00.000
893,29,"farmers, project, bdi, producers, mango",1,2021-04-20 07:12:00.000
894,30,"mgo, cannabis, lawyers, accounting, oconnell",3,2021-04-20 07:12:00.000
895,31,"sec, inquiry, elmasri, securities, peirce",2,2021-04-20 07:12:00.000
896,32,"metaverse, games, game, worlds, meta",25,2021-04-20 07:12:00.000
897,33,"bahrain, cbdc, abc, alba, cbdcs",6,2021-04-20 07:12:00.000
898,34,"vietnam, sao, khue, game, axie",6,2021-04-20 07:12:00.000
899,35,"wyoming, uw, cheyenne, laramie, ndow",13,2021-04-20 07:12:00.000
900,36,"bangladesh, dhaka, adams, currencies, ht",5,2021-04-20 07:12:00.000
901,37,"ransomware, trickbot, hydra, attacks, cyber",7,2021-04-20 07:12:00.000
902,38,"bravo, puerto, rico, thoma, pierce",2,2021-04-20 07:12:00.000
903,39,"vaccine, vaccines, vaccination, health, covid19",3,2021-04-20 07:12:00.000
904,40,"apra, australia, anz, byres, cba",4,2021-04-20 07:12:00.000
905,41,"deck, pitch, series, startup, fintech",10,2021-04-20 07:12:00.000
906,42,"authentication, cloud, onespan, oracle, oca",1,2021-04-20 07:12:00.000
907,43,"chips, chip, drones, marvell, armament",2,2021-04-20 07:12:00.000
908,45,"avenuenew, madison, lounge, york, jp",2,2021-04-20 07:12:00.000
909,47,"alfa, tonale, vf, suv, e35",4,2021-04-20 07:12:00.000
910,48,"pakistan, pakistani, country, exports, remittances",3,2021-04-20 07:12:00.000
911,49,"lichtenstein, morgan, bitfinex, couple, justice",30,2021-04-20 07:12:00.000
912,50,"esg, ubs, sustainability, cybersecurity, transformation",3,2021-04-20 07:12:00.000
913,51,"rockfine, seattle, trip, presences, connections",1,2021-04-20 07:12:00.000
914,52,"criminals, hydra, monero, gao, kiosk",5,2021-04-20 07:12:00.000
915,53,"ill, bloomington, vehicle, chenoa, skaggs",7,2021-04-20 07:12:00.000
916,54,"mastercard, aguas, corechain, instant, visa",1,2021-04-20 07:12:00.000
917,56,"ronin, infinity, hackers, axie, lazarus",14,2021-04-20 07:12:00.000
918,57,"patient, sequence, pharma, trials, event",2,2021-04-20 07:12:00.000
919,58,"salvador, el, bukele, risch, nayib",1,2021-04-20 07:12:00.000
920,59,"binance, forbes, zhao, bahrain, licence",10,2021-04-20 07:12:00.000
921,62,"asx, chess, delay, stevens, replacement",3,2021-04-20 07:12:00.000
922,63,"fashion, qai, brands, luxury, stockx",7,2021-04-20 07:12:00.000
923,64,"dorsey, square, twitter, musk, jack",3,2021-04-20 07:12:00.000
924,65,"tulipmania, pakistan, sector, foecoinbase, pakistangovernment",1,2021-04-20 07:12:00.000
925,67,"nodes, node, shareholder, voting, consensus",1,2021-04-20 07:12:00.000
926,68,"metaverse, vondran, lawyers, law, decentraland",1,2021-04-20 07:12:00.000
927,69,"greenidge, seneca, county, lake, plant",11,2021-04-20 07:12:00.000
928,72,"uob, inflation, singapore, eli, lee",1,2021-04-20 07:12:00.000
929,73,"knowledgehut, talent, skills, india, anibusinesswire",2,2021-04-20 07:12:00.000
930,74,"paypal, moser, stablecoin, stablecoins, bloomberg",1,2021-04-20 07:12:00.000
931,75,"attribute, clause, product, dsl, dublin",2,2021-04-20 07:12:00.000
932,76,"lanka, sri, nations, yi, colombo",2,2021-04-20 07:12:00.000
933,77,"griffith, dprk, korea, north, sanctions",8,2021-04-20 07:12:00.000
934,78,"dogecoin, inu, salvador, shiba, searches",3,2021-04-20 07:12:00.000
935,79,"women, shuttlers, africa, solape, farmcrowdy",1,2021-04-20 07:12:00.000
936,80,"encryption, key, ciphertext, subkeys, keys",7,2021-04-20 07:12:00.000
937,81,"ormeus, barksdale, bise, mendez, bitqyck",4,2021-04-20 07:12:00.000
938,83,"outflows, inflows, week, coinshares, aum",1,2021-04-20 07:12:00.000
939,84,"berkshire, buffett, sun, mr, lunch",2,2021-04-20 07:12:00.000
940,88,"circuit, transform, header, nonce, validation",1,2021-04-20 07:12:00.000
941,89,"depow, emergencies, hammoud, fintrac, shukla",2,2021-04-20 07:12:00.000
942,90,"authentication, server, sender, user, device",5,2021-04-20 07:12:00.000
943,92,"id, content, zhiguo, cayman, computing",6,2021-04-20 07:12:00.000
944,95,"server, parameter, hangzhou, signature, ledger",2,2021-04-20 07:12:00.000
945,97,"musk, twitter, goat, elon, tesla",5,2021-04-20 07:12:00.000
946,99,"kohl, peloton, oilfieldservices, willhite, packagedfood",1,2021-04-20 07:12:00.000
947,101,"web3, silicon, valley, diem, facebook",5,2021-04-20 07:12:00.000
948,103,"consensus, node, nodes, hangzhou, sunnyvale",9,2021-04-20 07:12:00.000
949,104,"aldaba, maclang, guzman, makati, pilipinas",1,2021-04-20 07:12:00.000
950,105,"vinfast, vinfirst, quoc, vf, phu",1,2021-04-20 07:12:00.000
951,109,"mcrc, greenberg, nfts, ali, platinum",1,2021-04-20 07:12:00.000
952,110,"tipsy, coffee, starbucks, nfts, cream",1,2021-04-20 07:12:00.000
953,112,"spelliscy, web3, council, djuric, canada",1,2021-04-20 07:12:00.000
954,113,"gareth, belfast, vulture, ireland, dublin",1,2021-04-20 07:12:00.000
955,114,"ci, irs, agents, tax, irsci",3,2021-04-20 07:12:00.000
956,116,"web3, twitter, andreessen, dorsey, horowitz",1,2021-04-20 07:12:00.000
957,117,"library, sxsw, glenview, pm, april",7,2021-04-20 07:12:00.000
958,118,"trst01, octave, prabir, trayambhu, mishra",1,2021-04-20 07:12:00.000
959,124,"bcware, web3link, bcc, synadia, tibco",1,2021-04-20 07:12:00.000
960,127,"lira, cryptokitties, turks, turkey, turkish",2,2021-04-20 07:12:00.000
961,129,"wash, tee, consortium, attestation, redmond",1,2021-04-20 07:12:00.000
962,130,"object, asset, target, cayman, user",6,2021-04-20 07:12:00.000
963,132,"florida, desantis, usf, children, school",2,2021-04-20 07:12:00.000
964,136,"cbdcs, cbdc, enaira, bank, nigeria",2,2021-04-20 07:12:00.000
965,139,"walmart, retailer, ribbit, adidas, services",2,2021-04-20 07:12:00.000
966,141,"carbon, emissions, sustainability, climate, counting",1,2021-04-20 07:12:00.000
967,142,"aera, handley, mandurah, auckland, solugen",6,2021-04-20 07:12:00.000
968,144,"commitment, remitter, hangzhou, amount, remitters",4,2021-04-20 07:12:00.000
969,145,"biden, order, administration, crypto, executive",13,2021-04-20 07:12:00.000
970,147,"wine, bilbey, wines, bottles, spirits",7,2021-04-20 07:12:00.000
971,150,"jenkins, scams, scam, alice, victims",3,2021-04-20 07:12:00.000
972,151,"terago, ipc, leverton, ksnet, hut",1,2021-04-20 07:12:00.000
973,152,"stablecoins, stablecoin, circle, tether, grealish",2,2021-04-20 07:12:00.000
974,154,"deane, dorrell, carthona, nof, uhl",3,2021-04-20 07:12:00.000
975,158,"cotton, bangladesh, textiles, production, textile",1,2021-04-20 07:12:00.000
976,159,"arkansas, walton, excellence, rzrblock, fayetteville",1,2021-04-20 07:12:00.000
977,160,"israel, hogeg, singulariteam, shalem, israeli",1,2021-04-20 07:12:00.000
978,161,"certificate, verification, request, consensus, node",4,2021-04-20 07:12:00.000
979,162,"grenada, kaplan, ambassador, justin, sun",2,2021-04-20 07:12:00.000
980,163,"card, address, bearer, rfid, va",2,2021-04-20 07:12:00.000
981,166,"experiences, metaverse, estate, proptech, land",1,2021-04-20 07:12:00.000
982,167,"fpt, profit, revenue, vn973, vn177",1,2021-04-20 07:12:00.000
983,168,"ces, cta, show, vegas, las",2,2021-04-20 07:12:00.000
984,174,"adams, mayor, york, new, city",9,2021-04-20 07:12:00.000
985,175,"smith, usdd, blockchaincom, saudi, wyler",3,2021-04-20 07:12:00.000
986,177,"sets, error, correction, plurality, block",1,2021-04-20 07:12:00.000
987,180,"infosys, metaverse, foundry, esg, infy",2,2021-04-20 07:12:00.000
988,181,"fidelity, employers, gray, johnson, menus",2,2021-04-20 07:12:00.000
989,182,"mobiloitte, mahindra, pune, indic, mobile",1,2021-04-20 07:12:00.000
990,184,"watson, lindsay, giguiere, ltea, sec",1,2021-04-20 07:12:00.000
991,193,"helium, avanti, exploration, semiconductor, tsx",3,2021-04-20 07:12:00.000
992,195,"oil, nysearca, gas, nog, tamarack",1,2021-04-20 07:12:00.000
993,198,"booth, trudeau, td, convoy, givesendgo",1,2021-04-20 07:12:00.000
994,201,"inderias, fresh, financing, cows, supply",9,2021-04-20 07:12:00.000
995,202,"gensler, sec, platforms, regulator, gary",1,2021-04-20 07:12:00.000
996,207,"que, la, por, como, metaverso",1,2021-04-20 07:12:00.000
997,211,"pavlyukovskyy, nzvc, nz, kiwi, zealand",1,2021-04-20 07:12:00.000
998,212,"meadows, thomas, beadles, election, trump",4,2021-04-20 07:12:00.000
999,213,"analytics, guidance, loomis, rimon, nydfs",1,2021-04-20 07:12:00.000
